{"cameraMode":{"drawMode":0,"name":"Shaded","section":"Shading Mode"},"sceneLighting":false,"audioPlay":false,"sceneViewState":{"m_AlwaysRefresh":false,"showFog":true,"showSkybox":false,"showFlares":true,"showImageEffects":true,"showParticleSystems":true,"showVisualEffectGraphs":true,"m_FxEnabled":true},"in2DMode":false,"pivot":{"x":-0.19031143188476563,"y":6.40447998046875,"z":-0.003910064697265625},"rotation":{"x":0.054557304829359058,"y":0.015273618511855603,"z":0.0008351344149559736,"w":-0.9983983635902405},"size":19.81011199951172,"orthographic":false}